{
  "left_out": {
    "mean": 375.5282544997907,
    "std": 5
  },
  "left_cen": {
    "mean": 382.2469652574299,
    "std": 5
  },
  "left_in": {
    "mean": 437.9924654667225,
    "std": 5
  },
  "right_out": {
    "mean": 388.0301381331101,
    "std": 5
  },
  "right_cen": {
    "mean": 422.11845960652994,
    "std": 5
  },
  "right_in": {
    "mean": 503.371285056509,
    "std": 5
  }
}