{
    "right_out": {
        "mean": 383.86872909698997,
        "std": 5
    },
    "right_cen": {
        "mean": 441.2759197324415,
        "std": 5
    },
    "right_in": {
        "mean": 538.6245819397993,
        "std": 5
    }
}