{
    "right_out": {
        "mean": 482.2050209205021,
        "std": 5
    },
    "right_cen": {
        "mean": 482.11046025104605,
        "std": 5
    },
    "right_in": {
        "mean": 482.0953974895397,
        "std": 5
    }
}